year,energy_TWh,carbon_MtCO2,water_Mm3
2024,29.029906517981225,4.042121230616448,261.655335739906
2025,58.89280043410671,4.473035827207905,459.7461052270416
2026,106.2294469967846,4.015068569261422,750.5350795126514
2027,163.87268834521325,6.525540649173401,1102.5190914690265
2028,217.1953567852608,9.038759701126375,1401.1633776034762
2029,260.90463547567424,10.992006372504656,1575.1548141085673
2030,287.4993213031681,12.291896095822906,1635.9203265635822
