year,energy_TWh,carbon_MtCO2,water_Mm3
2024,29.432813781331127,11.599789344796001,41.98959842624892
2025,59.70673953740853,14.746757155408975,65.20009857415035
2026,107.68829475872349,13.21545945936208,87.92729248869857
2027,166.1015281133963,17.872508009743306,129.38533299344547
2028,220.10626153495247,20.59205610353251,163.94786483331308
2029,264.3230144608771,22.82048573152841,185.91362288210098
2030,291.13535691050663,23.227672298694767,193.32583642292497

