year,energy_TWh,carbon_MtCO2,water_Mm3
2024,34.634414851658136,20.760822642038832,177.51157053420866
2025,72.12093807784716,32.712592373412335,338.1861723270398
2026,133.32092099660358,44.366660969934465,622.5324588595006
2027,210.5314138401558,65.52521822351419,952.5283402140856
2028,285.4534752804456,83.71642413273476,1259.837079895103
2029,350.77503754251296,97.519596358475,1464.8824347206692
2030,395.728215300133,104.82741525331235,1590.2938340924854
