year,energy_TWh,carbon_MtCO2,water_Mm3
2024,33.81334262262684,8.940428615486296,724.0920205889304
2025,70.41117916778515,15.387325233480345,1553.3082102074713
2026,130.16030441774586,22.302601590411065,2975.3068653017135
2027,205.54038113516495,32.81193713558523,4681.7503433172
2028,278.6862779064723,41.24671575013348,6343.60202779946
2029,342.4592729136852,50.47189674517544,7407.055234460871
2030,386.34675327114473,56.32030607229954,8051.530312328492
